epoch,train_start,train_end,train_seconds,next_epoch_interval_seconds,batch_size_per_rank,world_size,samples,log
1,2026-09-01 11:53:49,2026-09-01 11:57:53,244.0,244.0,128,1,488099,runs/inductive_lr1e4_encoder/pretrain/20260901-115311_inductive9_no_fab_encoder_lr1e4_e100_seed42_20260901/logs/pretrain.log
2,2026-09-01 11:57:53,2026-09-01 12:01:55,242.0,242.0,128,1,488099,runs/inductive_lr1e4_encoder/pretrain/20260901-115311_inductive9_no_fab_encoder_lr1e4_e100_seed42_20260901/logs/pretrain.log
3,2026-09-01 12:01:55,2026-09-01 12:05:55,240.0,240.0,128,1,488099,runs/inductive_lr1e4_encoder/pretrain/20260901-115311_inductive9_no_fab_encoder_lr1e4_e100_seed42_20260901/logs/pretrain.log
4,2026-09-01 12:05:55,2026-09-01 12:09:56,241.0,241.0,128,1,488099,runs/inductive_lr1e4_encoder/pretrain/20260901-115311_inductive9_no_fab_encoder_lr1e4_e100_seed42_20260901/logs/pretrain.log
5,2026-09-01 12:09:56,2026-09-01 12:13:59,243.0,243.0,128,1,488099,runs/inductive_lr1e4_encoder/pretrain/20260901-115311_inductive9_no_fab_encoder_lr1e4_e100_seed42_20260901/logs/pretrain.log
6,2026-09-01 12:13:59,2026-09-01 12:18:00,241.0,241.0,128,1,488099,runs/inductive_lr1e4_encoder/pretrain/20260901-115311_inductive9_no_fab_encoder_lr1e4_e100_seed42_20260901/logs/pretrain.log
7,2026-09-01 12:18:00,2026-09-01 12:21:59,239.0,239.0,128,1,488099,runs/inductive_lr1e4_encoder/pretrain/20260901-115311_inductive9_no_fab_encoder_lr1e4_e100_seed42_20260901/logs/pretrain.log
8,2026-09-01 12:21:59,2026-09-01 12:26:01,242.0,242.0,128,1,488099,runs/inductive_lr1e4_encoder/pretrain/20260901-115311_inductive9_no_fab_encoder_lr1e4_e100_seed42_20260901/logs/pretrain.log
9,2026-09-01 12:26:01,2026-09-01 12:30:00,239.0,239.0,128,1,488099,runs/inductive_lr1e4_encoder/pretrain/20260901-115311_inductive9_no_fab_encoder_lr1e4_e100_seed42_20260901/logs/pretrain.log
10,2026-09-01 12:30:00,2026-09-01 12:33:58,238.0,238.0,128,1,488099,runs/inductive_lr1e4_encoder/pretrain/20260901-115311_inductive9_no_fab_encoder_lr1e4_e100_seed42_20260901/logs/pretrain.log
11,2026-09-01 12:33:58,2026-09-01 12:37:59,241.0,241.0,128,1,488099,runs/inductive_lr1e4_encoder/pretrain/20260901-115311_inductive9_no_fab_encoder_lr1e4_e100_seed42_20260901/logs/pretrain.log
12,2026-09-01 12:37:59,2026-09-01 12:41:59,240.0,240.0,128,1,488099,runs/inductive_lr1e4_encoder/pretrain/20260901-115311_inductive9_no_fab_encoder_lr1e4_e100_seed42_20260901/logs/pretrain.log
13,2026-09-01 12:41:59,2026-09-01 12:46:02,243.0,243.0,128,1,488099,runs/inductive_lr1e4_encoder/pretrain/20260901-115311_inductive9_no_fab_encoder_lr1e4_e100_seed42_20260901/logs/pretrain.log
14,2026-09-01 12:46:02,2026-09-01 12:50:08,246.0,246.0,128,1,488099,runs/inductive_lr1e4_encoder/pretrain/20260901-115311_inductive9_no_fab_encoder_lr1e4_e100_seed42_20260901/logs/pretrain.log
15,2026-09-01 12:50:08,2026-09-01 12:54:13,245.0,245.0,128,1,488099,runs/inductive_lr1e4_encoder/pretrain/20260901-115311_inductive9_no_fab_encoder_lr1e4_e100_seed42_20260901/logs/pretrain.log
16,2026-09-01 12:54:13,2026-09-01 12:58:15,242.0,242.0,128,1,488099,runs/inductive_lr1e4_encoder/pretrain/20260901-115311_inductive9_no_fab_encoder_lr1e4_e100_seed42_20260901/logs/pretrain.log
17,2026-09-01 12:58:15,2026-09-01 13:02:18,243.0,243.0,128,1,488099,runs/inductive_lr1e4_encoder/pretrain/20260901-115311_inductive9_no_fab_encoder_lr1e4_e100_seed42_20260901/logs/pretrain.log
18,2026-09-01 13:02:18,2026-09-01 13:06:18,240.0,240.0,128,1,488099,runs/inductive_lr1e4_encoder/pretrain/20260901-115311_inductive9_no_fab_encoder_lr1e4_e100_seed42_20260901/logs/pretrain.log
19,2026-09-01 13:06:18,2026-09-01 13:10:18,240.0,240.0,128,1,488099,runs/inductive_lr1e4_encoder/pretrain/20260901-115311_inductive9_no_fab_encoder_lr1e4_e100_seed42_20260901/logs/pretrain.log
20,2026-09-01 13:10:18,2026-09-01 13:14:18,240.0,240.0,128,1,488099,runs/inductive_lr1e4_encoder/pretrain/20260901-115311_inductive9_no_fab_encoder_lr1e4_e100_seed42_20260901/logs/pretrain.log
21,2026-09-01 13:14:18,2026-09-01 13:18:18,240.0,240.0,128,1,488099,runs/inductive_lr1e4_encoder/pretrain/20260901-115311_inductive9_no_fab_encoder_lr1e4_e100_seed42_20260901/logs/pretrain.log
22,2026-09-01 13:18:18,2026-09-01 13:22:17,239.0,239.0,128,1,488099,runs/inductive_lr1e4_encoder/pretrain/20260901-115311_inductive9_no_fab_encoder_lr1e4_e100_seed42_20260901/logs/pretrain.log
23,2026-09-01 13:22:17,2026-09-01 13:26:19,242.0,242.0,128,1,488099,runs/inductive_lr1e4_encoder/pretrain/20260901-115311_inductive9_no_fab_encoder_lr1e4_e100_seed42_20260901/logs/pretrain.log
24,2026-09-01 13:26:19,2026-09-01 13:30:22,243.0,243.0,128,1,488099,runs/inductive_lr1e4_encoder/pretrain/20260901-115311_inductive9_no_fab_encoder_lr1e4_e100_seed42_20260901/logs/pretrain.log
25,2026-09-01 13:30:22,2026-09-01 13:34:20,238.0,238.0,128,1,488099,runs/inductive_lr1e4_encoder/pretrain/20260901-115311_inductive9_no_fab_encoder_lr1e4_e100_seed42_20260901/logs/pretrain.log
26,2026-09-01 13:34:20,2026-09-01 13:38:21,241.0,241.0,128,1,488099,runs/inductive_lr1e4_encoder/pretrain/20260901-115311_inductive9_no_fab_encoder_lr1e4_e100_seed42_20260901/logs/pretrain.log
27,2026-09-01 13:38:21,2026-09-01 13:43:35,314.0,314.0,128,1,488099,runs/inductive_lr1e4_encoder/pretrain/20260901-115311_inductive9_no_fab_encoder_lr1e4_e100_seed42_20260901/logs/pretrain.log
28,2026-09-01 13:43:35,2026-09-01 13:47:36,241.0,241.0,128,1,488099,runs/inductive_lr1e4_encoder/pretrain/20260901-115311_inductive9_no_fab_encoder_lr1e4_e100_seed42_20260901/logs/pretrain.log
29,2026-09-01 13:47:36,2026-09-01 13:51:37,241.0,241.0,128,1,488099,runs/inductive_lr1e4_encoder/pretrain/20260901-115311_inductive9_no_fab_encoder_lr1e4_e100_seed42_20260901/logs/pretrain.log
30,2026-09-01 13:51:37,2026-09-01 13:55:37,240.0,240.0,128,1,488099,runs/inductive_lr1e4_encoder/pretrain/20260901-115311_inductive9_no_fab_encoder_lr1e4_e100_seed42_20260901/logs/pretrain.log
31,2026-09-01 13:55:37,2026-09-01 13:59:37,240.0,240.0,128,1,488099,runs/inductive_lr1e4_encoder/pretrain/20260901-115311_inductive9_no_fab_encoder_lr1e4_e100_seed42_20260901/logs/pretrain.log
32,2026-09-01 13:59:37,2026-09-01 14:03:43,246.0,246.0,128,1,488099,runs/inductive_lr1e4_encoder/pretrain/20260901-115311_inductive9_no_fab_encoder_lr1e4_e100_seed42_20260901/logs/pretrain.log
33,2026-09-01 14:03:43,2026-09-01 14:07:49,246.0,246.0,128,1,488099,runs/inductive_lr1e4_encoder/pretrain/20260901-115311_inductive9_no_fab_encoder_lr1e4_e100_seed42_20260901/logs/pretrain.log
34,2026-09-01 14:07:49,2026-09-01 14:11:52,243.0,243.0,128,1,488099,runs/inductive_lr1e4_encoder/pretrain/20260901-115311_inductive9_no_fab_encoder_lr1e4_e100_seed42_20260901/logs/pretrain.log
35,2026-09-01 14:11:52,2026-09-01 14:15:53,241.0,241.0,128,1,488099,runs/inductive_lr1e4_encoder/pretrain/20260901-115311_inductive9_no_fab_encoder_lr1e4_e100_seed42_20260901/logs/pretrain.log
36,2026-09-01 14:15:53,2026-09-01 14:19:58,245.0,245.0,128,1,488099,runs/inductive_lr1e4_encoder/pretrain/20260901-115311_inductive9_no_fab_encoder_lr1e4_e100_seed42_20260901/logs/pretrain.log
37,2026-09-01 14:19:58,2026-09-01 14:23:58,240.0,240.0,128,1,488099,runs/inductive_lr1e4_encoder/pretrain/20260901-115311_inductive9_no_fab_encoder_lr1e4_e100_seed42_20260901/logs/pretrain.log
38,2026-09-01 14:23:58,2026-09-01 14:27:56,238.0,238.0,128,1,488099,runs/inductive_lr1e4_encoder/pretrain/20260901-115311_inductive9_no_fab_encoder_lr1e4_e100_seed42_20260901/logs/pretrain.log
39,2026-09-01 14:27:56,2026-09-01 14:31:57,241.0,241.0,128,1,488099,runs/inductive_lr1e4_encoder/pretrain/20260901-115311_inductive9_no_fab_encoder_lr1e4_e100_seed42_20260901/logs/pretrain.log
40,2026-09-01 14:31:57,2026-09-01 14:35:57,240.0,240.0,128,1,488099,runs/inductive_lr1e4_encoder/pretrain/20260901-115311_inductive9_no_fab_encoder_lr1e4_e100_seed42_20260901/logs/pretrain.log
41,2026-09-01 14:35:57,2026-09-01 14:39:59,242.0,242.0,128,1,488099,runs/inductive_lr1e4_encoder/pretrain/20260901-115311_inductive9_no_fab_encoder_lr1e4_e100_seed42_20260901/logs/pretrain.log
42,2026-09-01 14:39:59,2026-09-01 14:44:00,241.0,241.0,128,1,488099,runs/inductive_lr1e4_encoder/pretrain/20260901-115311_inductive9_no_fab_encoder_lr1e4_e100_seed42_20260901/logs/pretrain.log
43,2026-09-01 14:44:00,2026-09-01 14:48:00,240.0,240.0,128,1,488099,runs/inductive_lr1e4_encoder/pretrain/20260901-115311_inductive9_no_fab_encoder_lr1e4_e100_seed42_20260901/logs/pretrain.log
44,2026-09-01 14:48:00,2026-09-01 14:51:59,239.0,239.0,128,1,488099,runs/inductive_lr1e4_encoder/pretrain/20260901-115311_inductive9_no_fab_encoder_lr1e4_e100_seed42_20260901/logs/pretrain.log
45,2026-09-01 14:51:59,2026-09-01 14:56:00,241.0,241.0,128,1,488099,runs/inductive_lr1e4_encoder/pretrain/20260901-115311_inductive9_no_fab_encoder_lr1e4_e100_seed42_20260901/logs/pretrain.log
46,2026-09-01 14:56:00,2026-09-01 15:00:00,240.0,240.0,128,1,488099,runs/inductive_lr1e4_encoder/pretrain/20260901-115311_inductive9_no_fab_encoder_lr1e4_e100_seed42_20260901/logs/pretrain.log
47,2026-09-01 15:00:00,2026-09-01 15:03:59,239.0,239.0,128,1,488099,runs/inductive_lr1e4_encoder/pretrain/20260901-115311_inductive9_no_fab_encoder_lr1e4_e100_seed42_20260901/logs/pretrain.log
48,2026-09-01 15:03:59,2026-09-01 15:08:00,241.0,241.0,128,1,488099,runs/inductive_lr1e4_encoder/pretrain/20260901-115311_inductive9_no_fab_encoder_lr1e4_e100_seed42_20260901/logs/pretrain.log
49,2026-09-01 15:08:00,2026-09-01 15:12:01,241.0,241.0,128,1,488099,runs/inductive_lr1e4_encoder/pretrain/20260901-115311_inductive9_no_fab_encoder_lr1e4_e100_seed42_20260901/logs/pretrain.log
50,2026-09-01 15:12:01,2026-09-01 15:16:01,240.0,240.0,128,1,488099,runs/inductive_lr1e4_encoder/pretrain/20260901-115311_inductive9_no_fab_encoder_lr1e4_e100_seed42_20260901/logs/pretrain.log
51,2026-09-01 15:16:01,2026-09-01 15:20:02,241.0,241.0,128,1,488099,runs/inductive_lr1e4_encoder/pretrain/20260901-115311_inductive9_no_fab_encoder_lr1e4_e100_seed42_20260901/logs/pretrain.log
52,2026-09-01 15:20:02,2026-09-01 15:24:04,242.0,242.0,128,1,488099,runs/inductive_lr1e4_encoder/pretrain/20260901-115311_inductive9_no_fab_encoder_lr1e4_e100_seed42_20260901/logs/pretrain.log
53,2026-09-01 15:24:04,2026-09-01 15:28:04,240.0,240.0,128,1,488099,runs/inductive_lr1e4_encoder/pretrain/20260901-115311_inductive9_no_fab_encoder_lr1e4_e100_seed42_20260901/logs/pretrain.log
54,2026-09-01 15:28:04,2026-09-01 15:32:02,238.0,238.0,128,1,488099,runs/inductive_lr1e4_encoder/pretrain/20260901-115311_inductive9_no_fab_encoder_lr1e4_e100_seed42_20260901/logs/pretrain.log
55,2026-09-01 15:32:02,2026-09-01 15:36:08,246.0,246.0,128,1,488099,runs/inductive_lr1e4_encoder/pretrain/20260901-115311_inductive9_no_fab_encoder_lr1e4_e100_seed42_20260901/logs/pretrain.log
56,2026-09-01 15:36:08,2026-09-01 15:40:07,239.0,239.0,128,1,488099,runs/inductive_lr1e4_encoder/pretrain/20260901-115311_inductive9_no_fab_encoder_lr1e4_e100_seed42_20260901/logs/pretrain.log
57,2026-09-01 15:40:07,2026-09-01 15:44:10,243.0,243.0,128,1,488099,runs/inductive_lr1e4_encoder/pretrain/20260901-115311_inductive9_no_fab_encoder_lr1e4_e100_seed42_20260901/logs/pretrain.log
58,2026-09-01 15:44:10,2026-09-01 15:48:17,247.0,247.0,128,1,488099,runs/inductive_lr1e4_encoder/pretrain/20260901-115311_inductive9_no_fab_encoder_lr1e4_e100_seed42_20260901/logs/pretrain.log
59,2026-09-01 15:48:17,2026-09-01 15:52:24,247.0,247.0,128,1,488099,runs/inductive_lr1e4_encoder/pretrain/20260901-115311_inductive9_no_fab_encoder_lr1e4_e100_seed42_20260901/logs/pretrain.log
60,2026-09-01 15:52:24,2026-09-01 15:56:30,246.0,246.0,128,1,488099,runs/inductive_lr1e4_encoder/pretrain/20260901-115311_inductive9_no_fab_encoder_lr1e4_e100_seed42_20260901/logs/pretrain.log
61,2026-09-01 15:56:30,2026-09-01 16:00:39,249.0,249.0,128,1,488099,runs/inductive_lr1e4_encoder/pretrain/20260901-115311_inductive9_no_fab_encoder_lr1e4_e100_seed42_20260901/logs/pretrain.log
62,2026-09-01 16:00:39,2026-09-01 16:04:49,250.0,250.0,128,1,488099,runs/inductive_lr1e4_encoder/pretrain/20260901-115311_inductive9_no_fab_encoder_lr1e4_e100_seed42_20260901/logs/pretrain.log
63,2026-09-01 16:04:49,2026-09-01 16:08:53,244.0,244.0,128,1,488099,runs/inductive_lr1e4_encoder/pretrain/20260901-115311_inductive9_no_fab_encoder_lr1e4_e100_seed42_20260901/logs/pretrain.log
64,2026-09-01 16:08:53,2026-09-01 16:12:58,245.0,245.0,128,1,488099,runs/inductive_lr1e4_encoder/pretrain/20260901-115311_inductive9_no_fab_encoder_lr1e4_e100_seed42_20260901/logs/pretrain.log
65,2026-09-01 16:12:58,2026-09-01 16:17:00,242.0,242.0,128,1,488099,runs/inductive_lr1e4_encoder/pretrain/20260901-115311_inductive9_no_fab_encoder_lr1e4_e100_seed42_20260901/logs/pretrain.log
66,2026-09-01 16:17:00,2026-09-01 16:21:05,245.0,245.0,128,1,488099,runs/inductive_lr1e4_encoder/pretrain/20260901-115311_inductive9_no_fab_encoder_lr1e4_e100_seed42_20260901/logs/pretrain.log
67,2026-09-01 16:21:05,2026-09-01 16:25:09,244.0,244.0,128,1,488099,runs/inductive_lr1e4_encoder/pretrain/20260901-115311_inductive9_no_fab_encoder_lr1e4_e100_seed42_20260901/logs/pretrain.log
68,2026-09-01 16:25:09,2026-09-01 16:29:10,241.0,241.0,128,1,488099,runs/inductive_lr1e4_encoder/pretrain/20260901-115311_inductive9_no_fab_encoder_lr1e4_e100_seed42_20260901/logs/pretrain.log
69,2026-09-01 16:29:10,2026-09-01 16:33:12,242.0,242.0,128,1,488099,runs/inductive_lr1e4_encoder/pretrain/20260901-115311_inductive9_no_fab_encoder_lr1e4_e100_seed42_20260901/logs/pretrain.log
70,2026-09-01 16:33:12,2026-09-01 16:37:19,247.0,247.0,128,1,488099,runs/inductive_lr1e4_encoder/pretrain/20260901-115311_inductive9_no_fab_encoder_lr1e4_e100_seed42_20260901/logs/pretrain.log
71,2026-09-01 16:37:19,2026-09-01 16:41:25,246.0,246.0,128,1,488099,runs/inductive_lr1e4_encoder/pretrain/20260901-115311_inductive9_no_fab_encoder_lr1e4_e100_seed42_20260901/logs/pretrain.log
72,2026-09-01 16:41:25,2026-09-01 16:45:30,245.0,245.0,128,1,488099,runs/inductive_lr1e4_encoder/pretrain/20260901-115311_inductive9_no_fab_encoder_lr1e4_e100_seed42_20260901/logs/pretrain.log
73,2026-09-01 16:45:30,2026-09-01 16:49:34,244.0,244.0,128,1,488099,runs/inductive_lr1e4_encoder/pretrain/20260901-115311_inductive9_no_fab_encoder_lr1e4_e100_seed42_20260901/logs/pretrain.log
74,2026-09-01 16:49:34,2026-09-01 16:53:43,249.0,249.0,128,1,488099,runs/inductive_lr1e4_encoder/pretrain/20260901-115311_inductive9_no_fab_encoder_lr1e4_e100_seed42_20260901/logs/pretrain.log
75,2026-09-01 16:53:43,2026-09-01 16:57:44,241.0,241.0,128,1,488099,runs/inductive_lr1e4_encoder/pretrain/20260901-115311_inductive9_no_fab_encoder_lr1e4_e100_seed42_20260901/logs/pretrain.log
76,2026-09-01 16:57:44,2026-09-01 17:01:49,245.0,245.0,128,1,488099,runs/inductive_lr1e4_encoder/pretrain/20260901-115311_inductive9_no_fab_encoder_lr1e4_e100_seed42_20260901/logs/pretrain.log
77,2026-09-01 17:01:49,2026-09-01 17:05:55,246.0,246.0,128,1,488099,runs/inductive_lr1e4_encoder/pretrain/20260901-115311_inductive9_no_fab_encoder_lr1e4_e100_seed42_20260901/logs/pretrain.log
78,2026-09-01 17:05:55,2026-09-01 17:09:59,244.0,244.0,128,1,488099,runs/inductive_lr1e4_encoder/pretrain/20260901-115311_inductive9_no_fab_encoder_lr1e4_e100_seed42_20260901/logs/pretrain.log
79,2026-09-01 17:09:59,2026-09-01 17:13:57,238.0,238.0,128,1,488099,runs/inductive_lr1e4_encoder/pretrain/20260901-115311_inductive9_no_fab_encoder_lr1e4_e100_seed42_20260901/logs/pretrain.log
80,2026-09-01 17:13:57,2026-09-01 17:17:55,238.0,238.0,128,1,488099,runs/inductive_lr1e4_encoder/pretrain/20260901-115311_inductive9_no_fab_encoder_lr1e4_e100_seed42_20260901/logs/pretrain.log
81,2026-09-01 17:17:55,2026-09-01 17:21:53,238.0,238.0,128,1,488099,runs/inductive_lr1e4_encoder/pretrain/20260901-115311_inductive9_no_fab_encoder_lr1e4_e100_seed42_20260901/logs/pretrain.log
82,2026-09-01 17:21:53,2026-09-01 17:25:49,236.0,236.0,128,1,488099,runs/inductive_lr1e4_encoder/pretrain/20260901-115311_inductive9_no_fab_encoder_lr1e4_e100_seed42_20260901/logs/pretrain.log
83,2026-09-01 17:25:49,2026-09-01 17:29:51,242.0,242.0,128,1,488099,runs/inductive_lr1e4_encoder/pretrain/20260901-115311_inductive9_no_fab_encoder_lr1e4_e100_seed42_20260901/logs/pretrain.log
84,2026-09-01 17:29:51,2026-09-01 17:33:50,239.0,239.0,128,1,488099,runs/inductive_lr1e4_encoder/pretrain/20260901-115311_inductive9_no_fab_encoder_lr1e4_e100_seed42_20260901/logs/pretrain.log
85,2026-09-01 17:33:50,2026-09-01 17:37:50,240.0,240.0,128,1,488099,runs/inductive_lr1e4_encoder/pretrain/20260901-115311_inductive9_no_fab_encoder_lr1e4_e100_seed42_20260901/logs/pretrain.log
86,2026-09-01 17:37:50,2026-09-01 17:41:49,239.0,239.0,128,1,488099,runs/inductive_lr1e4_encoder/pretrain/20260901-115311_inductive9_no_fab_encoder_lr1e4_e100_seed42_20260901/logs/pretrain.log
87,2026-09-01 17:41:49,2026-09-01 17:45:50,241.0,241.0,128,1,488099,runs/inductive_lr1e4_encoder/pretrain/20260901-115311_inductive9_no_fab_encoder_lr1e4_e100_seed42_20260901/logs/pretrain.log
88,2026-09-01 17:45:50,2026-09-01 17:49:50,240.0,240.0,128,1,488099,runs/inductive_lr1e4_encoder/pretrain/20260901-115311_inductive9_no_fab_encoder_lr1e4_e100_seed42_20260901/logs/pretrain.log
89,2026-09-01 17:49:50,2026-09-01 17:53:55,245.0,246.0,128,1,488099,runs/inductive_lr1e4_encoder/pretrain/20260901-115311_inductive9_no_fab_encoder_lr1e4_e100_seed42_20260901/logs/pretrain.log
90,2026-09-01 17:53:56,2026-09-01 17:57:59,243.0,243.0,128,1,488099,runs/inductive_lr1e4_encoder/pretrain/20260901-115311_inductive9_no_fab_encoder_lr1e4_e100_seed42_20260901/logs/pretrain.log
91,2026-09-01 17:57:59,2026-09-01 18:02:01,242.0,242.0,128,1,488099,runs/inductive_lr1e4_encoder/pretrain/20260901-115311_inductive9_no_fab_encoder_lr1e4_e100_seed42_20260901/logs/pretrain.log
92,2026-09-01 18:02:01,2026-09-01 18:06:04,243.0,243.0,128,1,488099,runs/inductive_lr1e4_encoder/pretrain/20260901-115311_inductive9_no_fab_encoder_lr1e4_e100_seed42_20260901/logs/pretrain.log
93,2026-09-01 18:06:04,2026-09-01 18:10:08,244.0,244.0,128,1,488099,runs/inductive_lr1e4_encoder/pretrain/20260901-115311_inductive9_no_fab_encoder_lr1e4_e100_seed42_20260901/logs/pretrain.log
94,2026-09-01 18:10:08,2026-09-01 18:14:08,240.0,240.0,128,1,488099,runs/inductive_lr1e4_encoder/pretrain/20260901-115311_inductive9_no_fab_encoder_lr1e4_e100_seed42_20260901/logs/pretrain.log
95,2026-09-01 18:14:08,2026-09-01 18:18:08,240.0,240.0,128,1,488099,runs/inductive_lr1e4_encoder/pretrain/20260901-115311_inductive9_no_fab_encoder_lr1e4_e100_seed42_20260901/logs/pretrain.log
96,2026-09-01 18:18:08,2026-09-01 18:22:08,240.0,240.0,128,1,488099,runs/inductive_lr1e4_encoder/pretrain/20260901-115311_inductive9_no_fab_encoder_lr1e4_e100_seed42_20260901/logs/pretrain.log
97,2026-09-01 18:22:08,2026-09-01 18:26:09,241.0,241.0,128,1,488099,runs/inductive_lr1e4_encoder/pretrain/20260901-115311_inductive9_no_fab_encoder_lr1e4_e100_seed42_20260901/logs/pretrain.log
98,2026-09-01 18:26:09,2026-09-01 18:30:12,243.0,243.0,128,1,488099,runs/inductive_lr1e4_encoder/pretrain/20260901-115311_inductive9_no_fab_encoder_lr1e4_e100_seed42_20260901/logs/pretrain.log
99,2026-09-01 18:30:12,2026-09-01 18:34:12,240.0,240.0,128,1,488099,runs/inductive_lr1e4_encoder/pretrain/20260901-115311_inductive9_no_fab_encoder_lr1e4_e100_seed42_20260901/logs/pretrain.log
100,2026-09-01 18:34:12,2026-09-01 18:38:13,241.0,,128,1,488099,runs/inductive_lr1e4_encoder/pretrain/20260901-115311_inductive9_no_fab_encoder_lr1e4_e100_seed42_20260901/logs/pretrain.log
