stage,dataset,head,classes,parameters,encoder_parameters,prediction_type,sampling_steps,other_parameters,batch_size,world_size,accumulation,rotation_probability,samples,batches,epochs,pooling,gpu,group,config,log,train_seconds,val_seconds,train_through_val_seconds,whole_epoch_seconds,train_stdev_seconds,train_median_seconds
pretrain,九源 train-only,pretrain,,2249696,1826832,,,422864,128,1,1,0,488099,3814,100,mean,NVIDIA A800-SXM4-80GB,inductive_lr1e4_encoder,runs/inductive_lr1e4_encoder/pretrain/20260901-115311_inductive9_no_fab_encoder_lr1e4_e100_seed42_20260901/config.yaml,runs/inductive_lr1e4_encoder/pretrain/20260901-115311_inductive9_no_fab_encoder_lr1e4_e100_seed42_20260901/logs/pretrain.log,242.6161616161616,,,242.64285714285714,7.7626881924764755,241.0
finetune,BRepPreDiff,mlp,3,1843731,1826832,,,16899,256,1,1,0,14295,56,200,mean_max,NVIDIA A800-SXM4-80GB,inductive_lr1e4_pre100_full_ft200,runs/inductive_lr1e4_pre100_full_ft200/finetune/20260901-200155_full_brepprediff_seg_mlp_ft200_seed42_inductive9_lr1e4_pre100_full_mlp_diffloss200_seed42_20260901/config.yaml,runs/inductive_lr1e4_pre100_full_ft200/finetune/20260901-200155_full_brepprediff_seg_mlp_ft200_seed42_inductive9_lr1e4_pre100_full_mlp_diffloss200_seed42_20260901/logs/finetune.log,6.924623115577889,1.3165829145728642,8.241206030150753,8.247474747474747,1.4631316674970398,6.0
finetune,BRepPreDiff,diffusion,3,2175123,1826832,x_start,1,348291,256,1,1,0,14295,56,200,mean_max,NVIDIA A800-SXM4-80GB,inductive_lr1e4_pre100_full_ft200,runs/inductive_lr1e4_pre100_full_ft200/finetune/20260901-202953_full_brepprediff_seg_diffloss_ft200_seed42_inductive9_lr1e4_pre100_full_mlp_diffloss200_seed42_20260901/config.yaml,runs/inductive_lr1e4_pre100_full_ft200/finetune/20260901-202953_full_brepprediff_seg_diffloss_ft200_seed42_inductive9_lr1e4_pre100_full_mlp_diffloss200_seed42_20260901/logs/finetune.log,10.879396984924623,1.984924623115578,12.864321608040202,12.863636363636363,0.3834026790911844,11.0
finetune,Fusion360Seg,mlp,8,1844376,1826832,,,17544,256,1,1,0,24964,98,200,mean_max,NVIDIA A800-SXM4-80GB,inductive_lr1e4_pre100_full_ft200,runs/inductive_lr1e4_pre100_full_ft200/finetune/20260901-211317_full_fusion360seg_mlp_ft200_seed42_inductive9_lr1e4_pre100_full_mlp_diffloss200_seed42_20260901/config.yaml,runs/inductive_lr1e4_pre100_full_ft200/finetune/20260901-211317_full_fusion360seg_mlp_ft200_seed42_inductive9_lr1e4_pre100_full_mlp_diffloss200_seed42_20260901/logs/finetune.log,7.5879396984924625,1.5527638190954773,9.140703517587939,9.16161616161616,0.5135096867300218,8.0
finetune,Fusion360Seg,diffusion,8,2176408,1826832,x_start,1,349576,256,1,1,0,24964,98,200,mean_max,NVIDIA A800-SXM4-80GB,inductive_lr1e4_pre100_full_ft200,runs/inductive_lr1e4_pre100_full_ft200/finetune/20260901-214421_full_fusion360seg_diffloss_ft200_seed42_inductive9_lr1e4_pre100_full_mlp_diffloss200_seed42_20260901/config.yaml,runs/inductive_lr1e4_pre100_full_ft200/finetune/20260901-214421_full_fusion360seg_diffloss_ft200_seed42_inductive9_lr1e4_pre100_full_mlp_diffloss200_seed42_20260901/logs/finetune.log,8.256281407035177,2.135678391959799,10.391959798994975,10.409090909090908,0.5121239602998103,8.0
finetune,MFCAD++,mlp,25,1846569,1826832,,,19737,256,1,1,0,41766,164,200,mean_max,NVIDIA A800-SXM4-80GB,inductive_lr1e4_pre100_full_ft200,runs/inductive_lr1e4_pre100_full_ft200/finetune/20260901-221937_full_mfcadpp_seg_mlp_ft200_seed42_inductive9_lr1e4_pre100_full_mlp_diffloss200_seed42_20260901/config.yaml,runs/inductive_lr1e4_pre100_full_ft200/finetune/20260901-221937_full_mfcadpp_seg_mlp_ft200_seed42_inductive9_lr1e4_pre100_full_mlp_diffloss200_seed42_20260901/logs/finetune.log,15.608040201005025,3.1256281407035176,18.733668341708544,18.747474747474747,0.5290888665231459,16.0
finetune,MFCAD++,diffusion,25,2180777,1826832,x_start,1,353945,256,1,1,0,41766,164,200,mean_max,NVIDIA A800-SXM4-80GB,inductive_lr1e4_pre100_full_ft200,runs/inductive_lr1e4_pre100_full_ft200/finetune/20260901-232240_full_mfcadpp_seg_diffloss_ft200_seed42_inductive9_lr1e4_pre100_full_mlp_diffloss200_seed42_20260901/config.yaml,runs/inductive_lr1e4_pre100_full_ft200/finetune/20260901-232240_full_mfcadpp_seg_diffloss_ft200_seed42_inductive9_lr1e4_pre100_full_mlp_diffloss200_seed42_20260901/logs/finetune.log,18.015075376884422,4.597989949748744,22.613065326633166,22.616161616161616,0.5268295388230416,18.0
finetune,TMCAD,mlp,10,1894554,1826832,,,67722,256,1,1,0,8709,35,200,mean_max,NVIDIA A800-SXM4-80GB,inductive_lr1e4_pre100_full_ft200,runs/inductive_lr1e4_pre100_full_ft200/finetune/20260902-003838_full_tmcad_cls_mlp_ft200_seed42_inductive9_lr1e4_pre100_full_mlp_diffloss200_seed42_20260901/config.yaml,runs/inductive_lr1e4_pre100_full_ft200/finetune/20260902-003838_full_tmcad_cls_mlp_ft200_seed42_inductive9_lr1e4_pre100_full_mlp_diffloss200_seed42_20260901/logs/finetune.log,14.989949748743719,2.8894472361809047,17.87939698492462,17.883838383838384,0.4818938831670049,15.0
finetune,TMCAD,diffusion,10,2226842,1826832,x_start,1,400010,256,1,1,0,8709,35,200,mean_max,NVIDIA A800-SXM4-80GB,inductive_lr1e4_pre100_full_ft200,runs/inductive_lr1e4_pre100_full_ft200/finetune/20260902-013844_full_tmcad_cls_diffloss_ft200_seed42_inductive9_lr1e4_pre100_full_mlp_diffloss200_seed42_20260901/config.yaml,runs/inductive_lr1e4_pre100_full_ft200/finetune/20260902-013844_full_tmcad_cls_diffloss_ft200_seed42_inductive9_lr1e4_pre100_full_mlp_diffloss200_seed42_20260901/logs/finetune.log,15.241206030150753,3.1658291457286434,18.412060301507537,18.41919191919192,0.5046356348929965,15.0
finetune,SolidLetters,mlp,26,1896618,1826832,,,69786,256,1,1,0,69660,273,200,mean_max,NVIDIA A800-SXM4-80GB,inductive_lr1e4_pre100_full_ft200,runs/inductive_lr1e4_pre100_full_ft200/finetune/20260902-024034_full_solidletters_cls_mlp_ft200_seed42_inductive9_lr1e4_pre100_full_mlp_diffloss200_seed42_20260901/config.yaml,runs/inductive_lr1e4_pre100_full_ft200/finetune/20260902-024034_full_solidletters_cls_mlp_ft200_seed42_inductive9_lr1e4_pre100_full_mlp_diffloss200_seed42_20260901/logs/finetune.log,28.71356783919598,3.040201005025126,31.753768844221106,31.767676767676768,0.5157781550464164,29.0
finetune,SolidLetters,diffusion,26,2230954,1826832,x_start,1,404122,256,1,1,0,69660,273,200,mean_max,NVIDIA A800-SXM4-80GB,inductive_lr1e4_pre100_full_ft200,runs/inductive_lr1e4_pre100_full_ft200/finetune/20260902-042701_full_solidletters_cls_diffloss_ft200_seed42_inductive9_lr1e4_pre100_full_mlp_diffloss200_seed42_20260901/config.yaml,runs/inductive_lr1e4_pre100_full_ft200/finetune/20260902-042701_full_solidletters_cls_diffloss_ft200_seed42_inductive9_lr1e4_pre100_full_mlp_diffloss200_seed42_20260901/logs/finetune.log,55.84422110552764,7.969849246231155,63.814070351758794,63.696969696969695,43.19197052052401,30.0
finetune,CADSynth,mlp,25,1846569,1826832,,,19737,512,1,1,0,79941,157,200,mean_max,NVIDIA A800-SXM4-80GB,inductive_lr1e4_pre100_full_ft200,runs/inductive_lr1e4_pre100_full_ft200/finetune/20260902-080006_full_cadsynth_seg_mlp_ft200_seed42_inductive9_lr1e4_pre100_full_mlp_diffloss200_seed42_20260901/config.yaml,runs/inductive_lr1e4_pre100_full_ft200/finetune/20260902-080006_full_cadsynth_seg_mlp_ft200_seed42_inductive9_lr1e4_pre100_full_mlp_diffloss200_seed42_20260901/logs/finetune.log,22.09045226130653,3.3115577889447234,25.402010050251256,25.444444444444443,13.552809515153035,15.0
finetune,CADSynth,diffusion,25,2180777,1826832,x_start,1,353945,512,1,1,0,79941,157,200,mean_max,NVIDIA A800-SXM4-80GB,inductive_lr1e4_pre100_full_ft200,runs/inductive_lr1e4_pre100_full_ft200/finetune/20260902-092556_full_cadsynth_seg_diffloss_ft200_seed42_inductive9_lr1e4_pre100_full_mlp_diffloss200_seed42_20260901/config.yaml,runs/inductive_lr1e4_pre100_full_ft200/finetune/20260902-092556_full_cadsynth_seg_diffloss_ft200_seed42_inductive9_lr1e4_pre100_full_mlp_diffloss200_seed42_20260901/logs/finetune.log,16.698492462311556,2.979899497487437,19.678391959798994,19.69191919191919,0.4709197305482793,17.0
finetune,MFInstSeg,mlp,25,1846569,1826832,,,19737,512,1,1,0,49996,98,200,mean_max,NVIDIA A800-SXM4-80GB,inductive_lr1e4_pre100_full_ft200,runs/inductive_lr1e4_pre100_full_ft200/finetune/20260902-103203_full_mfinstseg_seg_mlp_ft200_seed42_inductive9_lr1e4_pre100_full_mlp_diffloss200_seed42_20260901/config.yaml,runs/inductive_lr1e4_pre100_full_ft200/finetune/20260902-103203_full_mfinstseg_seg_mlp_ft200_seed42_inductive9_lr1e4_pre100_full_mlp_diffloss200_seed42_20260901/logs/finetune.log,13.452261306532664,2.391959798994975,15.844221105527637,15.893939393939394,5.170475859941977,10.0
finetune,MFInstSeg,diffusion,25,2180777,1826832,x_start,1,353945,512,1,1,0,49996,98,200,mean_max,NVIDIA A800-SXM4-80GB,inductive_lr1e4_pre100_full_ft200,runs/inductive_lr1e4_pre100_full_ft200/finetune/20260902-112521_full_mfinstseg_seg_diffloss_ft200_seed42_inductive9_lr1e4_pre100_full_mlp_diffloss200_seed42_20260901/config.yaml,runs/inductive_lr1e4_pre100_full_ft200/finetune/20260902-112521_full_mfinstseg_seg_diffloss_ft200_seed42_inductive9_lr1e4_pre100_full_mlp_diffloss200_seed42_20260901/logs/finetune.log,10.5678391959799,2.35678391959799,12.924623115577889,12.929292929292929,0.4966258415917601,11.0
finetune,BRepPreDiff,diffusion,3,2175123,1826832,x_start,1,348291,128,1,2,0.5,14295,112,200,mean_max,未保留该 run 的硬件元数据,inductive9_rotate_mix,runs/inductive9_rotate_mix/finetune/20260909-045201_full_brepprediff_seg_diffloss_ft200_seed42_inductive9_rotate_mix_constant_pre100_ft200_seed42_20260908_final/config.yaml,runs/inductive9_rotate_mix/finetune/20260909-045201_full_brepprediff_seg_diffloss_ft200_seed42_inductive9_rotate_mix_constant_pre100_ft200_seed42_20260908_final/logs/finetune.log,11.150753768844222,1.949748743718593,13.100502512562814,13.131313131313131,1.1880664771869973,11.0
finetune,BRepPreDiff,mlp,3,1843731,1826832,,,16899,128,1,2,0.5,14295,112,200,mean_max,未保留该 run 的硬件元数据,inductive9_rotate_mix,runs/inductive9_rotate_mix/finetune/20260909-045201_full_brepprediff_seg_mlp_ft200_seed42_inductive9_rotate_mix_constant_pre100_ft200_seed42_20260908_final/config.yaml,runs/inductive9_rotate_mix/finetune/20260909-045201_full_brepprediff_seg_mlp_ft200_seed42_inductive9_rotate_mix_constant_pre100_ft200_seed42_20260908_final/logs/finetune.log,10.251256281407036,1.6080402010050252,11.859296482412061,11.868686868686869,0.8570479811941281,10.0
finetune,Fusion360Seg,diffusion,8,2176408,1826832,x_start,1,349576,128,1,2,0.5,24964,196,200,mean_max,未保留该 run 的硬件元数据,inductive9_rotate_mix,runs/inductive9_rotate_mix/finetune/20260909-053603_full_fusion360seg_diffloss_ft200_seed42_inductive9_rotate_mix_constant_pre100_ft200_seed42_20260908_final/config.yaml,runs/inductive9_rotate_mix/finetune/20260909-053603_full_fusion360seg_diffloss_ft200_seed42_inductive9_rotate_mix_constant_pre100_ft200_seed42_20260908_final/logs/finetune.log,9.608040201005025,2.251256281407035,11.859296482412061,11.883838383838384,0.722744263971005,10.0
finetune,Fusion360Seg,mlp,8,1844376,1826832,,,17544,128,1,2,0.5,24964,196,200,mean_max,未保留该 run 的硬件元数据,inductive9_rotate_mix,runs/inductive9_rotate_mix/finetune/20260909-053603_full_fusion360seg_mlp_ft200_seed42_inductive9_rotate_mix_constant_pre100_ft200_seed42_20260908_final/config.yaml,runs/inductive9_rotate_mix/finetune/20260909-053603_full_fusion360seg_mlp_ft200_seed42_inductive9_rotate_mix_constant_pre100_ft200_seed42_20260908_final/logs/finetune.log,9.140703517587939,1.778894472361809,10.919597989949748,10.93939393939394,0.8104752985958479,9.0
finetune,MFCAD++,diffusion,25,2180777,1826832,x_start,1,353945,128,1,2,0.5,41766,327,200,mean_max,未保留该 run 的硬件元数据,inductive9_rotate_mix,runs/inductive9_rotate_mix/finetune/20260909-061558_full_mfcadpp_seg_diffloss_ft200_seed42_inductive9_rotate_mix_constant_pre100_ft200_seed42_20260908_final/config.yaml,runs/inductive9_rotate_mix/finetune/20260909-061558_full_mfcadpp_seg_diffloss_ft200_seed42_inductive9_rotate_mix_constant_pre100_ft200_seed42_20260908_final/logs/finetune.log,19.371859296482413,4.306532663316583,23.678391959798994,23.727272727272727,1.3678900881408,20.0
finetune,MFCAD++,mlp,25,1846569,1826832,,,19737,128,1,2,0.5,41766,327,200,mean_max,未保留该 run 的硬件元数据,inductive9_rotate_mix,runs/inductive9_rotate_mix/finetune/20260909-061558_full_mfcadpp_seg_mlp_ft200_seed42_inductive9_rotate_mix_constant_pre100_ft200_seed42_20260908_final/config.yaml,runs/inductive9_rotate_mix/finetune/20260909-061558_full_mfcadpp_seg_mlp_ft200_seed42_inductive9_rotate_mix_constant_pre100_ft200_seed42_20260908_final/logs/finetune.log,18.974874371859297,3.4321608040201004,22.407035175879397,22.424242424242426,0.9343997475268628,19.0
finetune,TMCAD,diffusion,10,2226842,1826832,x_start,1,400010,128,1,2,0.5,8709,69,200,mean_max,未保留该 run 的硬件元数据,inductive9_rotate_mix,runs/inductive9_rotate_mix/finetune/20260909-073527_full_tmcad_cls_diffloss_ft200_seed42_inductive9_rotate_mix_constant_pre100_ft200_seed42_20260908_final/config.yaml,runs/inductive9_rotate_mix/finetune/20260909-073527_full_tmcad_cls_diffloss_ft200_seed42_inductive9_rotate_mix_constant_pre100_ft200_seed42_20260908_final/logs/finetune.log,14.919597989949748,3.0452261306532664,17.964824120603016,17.98989898989899,1.292389470957731,15.0
finetune,TMCAD,mlp,10,1894554,1826832,,,67722,128,1,2,0.5,8709,69,200,mean_max,未保留该 run 的硬件元数据,inductive9_rotate_mix,runs/inductive9_rotate_mix/finetune/20260909-073527_full_tmcad_cls_mlp_ft200_seed42_inductive9_rotate_mix_constant_pre100_ft200_seed42_20260908_final/config.yaml,runs/inductive9_rotate_mix/finetune/20260909-073527_full_tmcad_cls_mlp_ft200_seed42_inductive9_rotate_mix_constant_pre100_ft200_seed42_20260908_final/logs/finetune.log,14.57286432160804,2.7236180904522613,17.2964824120603,17.318181818181817,1.0840754272666877,14.0
finetune,SolidLetters,mlp,26,1896618,1826832,,,69786,128,1,2,0.5,69660,545,200,mean_max,未保留该 run 的硬件元数据,inductive9_rotate_mix,runs/inductive9_rotate_mix/finetune/20260909-083543_full_solidletters_cls_mlp_ft200_seed42_inductive9_rotate_mix_constant_pre100_ft200_seed42_20260908_final/config.yaml,runs/inductive9_rotate_mix/finetune/20260909-083543_full_solidletters_cls_mlp_ft200_seed42_inductive9_rotate_mix_constant_pre100_ft200_seed42_20260908_final/logs/finetune.log,33.45728643216081,3.1557788944723617,36.61306532663317,36.62626262626262,1.1878742040354964,33.0
finetune,SolidLetters,diffusion,26,2230954,1826832,x_start,1,404122,128,1,2,0.5,69660,545,200,mean_max,未保留该 run 的硬件元数据,inductive9_rotate_mix,runs/inductive9_rotate_mix/finetune/20260909-083544_full_solidletters_cls_diffloss_ft200_seed42_inductive9_rotate_mix_constant_pre100_ft200_seed42_20260908_final/config.yaml,runs/inductive9_rotate_mix/finetune/20260909-083544_full_solidletters_cls_diffloss_ft200_seed42_inductive9_rotate_mix_constant_pre100_ft200_seed42_20260908_final/logs/finetune.log,35.63819095477387,4.346733668341709,39.984924623115575,40.025252525252526,2.815854956326637,37.0
finetune,CADSynth,diffusion,25,2180777,1826832,x_start,1,353945,256,1,2,0.5,79941,313,200,mean_max,未保留该 run 的硬件元数据,inductive9_rotate_mix,runs/inductive9_rotate_mix/finetune/20260909-104933_full_cadsynth_seg_diffloss_ft200_seed42_inductive9_rotate_mix_constant_pre100_ft200_seed42_20260908_final/config.yaml,runs/inductive9_rotate_mix/finetune/20260909-104933_full_cadsynth_seg_diffloss_ft200_seed42_inductive9_rotate_mix_constant_pre100_ft200_seed42_20260908_final/logs/finetune.log,39.74874371859296,6.678391959798995,46.4321608040201,46.5959595959596,10.730734954149709,47.0
finetune,CADSynth,mlp,25,1846569,1826832,,,19737,256,1,2,0.5,79941,313,200,mean_max,未保留该 run 的硬件元数据,inductive9_rotate_mix,runs/inductive9_rotate_mix/finetune/20260909-104933_full_cadsynth_seg_mlp_ft200_seed42_inductive9_rotate_mix_constant_pre100_ft200_seed42_20260908_final/config.yaml,runs/inductive9_rotate_mix/finetune/20260909-104933_full_cadsynth_seg_mlp_ft200_seed42_inductive9_rotate_mix_constant_pre100_ft200_seed42_20260908_final/logs/finetune.log,37.77386934673367,5.467336683417085,43.24120603015076,43.26767676767677,8.813678568114192,42.0
finetune,MFInstSeg,diffusion,25,2180777,1826832,x_start,1,353945,256,1,2,0.5,49996,196,200,mean_max,未保留该 run 的硬件元数据,inductive9_rotate_mix,runs/inductive9_rotate_mix/finetune/20260909-112027_full_mfinstseg_seg_diffloss_ft200_seed42_inductive9_rotate_mix_constant_pre100_ft200_seed42_20260908_final/config.yaml,runs/inductive9_rotate_mix/finetune/20260909-112027_full_mfinstseg_seg_diffloss_ft200_seed42_inductive9_rotate_mix_constant_pre100_ft200_seed42_20260908_final/logs/finetune.log,29.92964824120603,5.4120603015075375,35.34170854271357,35.43939393939394,3.747736741517691,30.0
finetune,MFInstSeg,mlp,25,1846569,1826832,,,19737,256,1,2,0.5,49996,196,200,mean_max,未保留该 run 的硬件元数据,inductive9_rotate_mix,runs/inductive9_rotate_mix/finetune/20260909-112027_full_mfinstseg_seg_mlp_ft200_seed42_inductive9_rotate_mix_constant_pre100_ft200_seed42_20260908_final/config.yaml,runs/inductive9_rotate_mix/finetune/20260909-112027_full_mfinstseg_seg_mlp_ft200_seed42_inductive9_rotate_mix_constant_pre100_ft200_seed42_20260908_final/logs/finetune.log,27.35678391959799,4.4874371859296485,31.844221105527637,31.904040404040405,2.1005871494097472,27.0
