task,head,group,best_epoch,samples,accuracy,macro_f1,weighted_f1,macro_iou,source,source_sha256,config,pretrain_checkpoint
BRepPreDiff,MLP,A,200,1787,0.9899009516410954,0.9736871968906188,0.98988716887015,0.9491847914340316,runs/inductive9_rotate_mix/finetune/20260909-045201_full_brepprediff_seg_mlp_ft200_seed42_inductive9_rotate_mix_constant_pre100_ft200_seed42_20260908_final/test_metrics.json,dc903c425b5622ca1b546018e9cb89fea9b529b00d776951926374ca93690d91,runs/inductive9_rotate_mix/finetune/20260909-045201_full_brepprediff_seg_mlp_ft200_seed42_inductive9_rotate_mix_constant_pre100_ft200_seed42_20260908_final/config.yaml,/home/nvme03/hhfeng/BRepPreDiff/runs/inductive9_rotate_mix/pretrain/20260908-213715_inductive9_rotate_mix_lr1p0em4_constant_e100_seed42_inductive9_rotate_mix_constant_pre100_ft200_seed42_20260908_final/checkpoints/last.pt
BRepPreDiff,MLP,B,135,1787,0.9891435230141775,0.9716060146770742,0.9891155926481782,0.9453178313615488,runs/inductive9_rotate_mix_discrete_off_pre100_ft200_seed42_20260910/results/brepprediff_seg_mlp.json,fd7bc74d8b20130470fe0f1b00c76e109e18f488d524782ee3e6a36262b710b0,runs/inductive9_rotate_mix_discrete_off_pre100_ft200_seed42_20260910/finetune/20260911-040311_brepprediff_seg_mlp_inductive9_rotate_mix_discrete_off_pre100_ft200_seed42_20260910/config.yaml,/home/nvme03/hhfeng/BRepPreDiff/runs/inductive9_rotate_mix_discrete_off_pre100_ft200_seed42_20260910/pretrain/20260910-211803_pretrain_inductive9_rotate_mix_discrete_off_pre100_ft200_seed42_20260910/checkpoints/last.pt
BRepPreDiff,MLP,C,180,1787,0.9895319479510585,0.9739144281393877,0.9895099215281156,0.9496306505511817,runs/inductive9_rotate_mix_geometry_only_pre100_ft200_seed42_20260910/results/brepprediff_seg_mlp.json,ad834759fb8e3a256e206c45d6ec6cc819a3dfda1df775259c15fcb1ea9f523d,runs/inductive9_rotate_mix_geometry_only_pre100_ft200_seed42_20260910/finetune/20260911-043001_brepprediff_seg_mlp_inductive9_rotate_mix_geometry_only_pre100_ft200_seed42_20260910/config.yaml,/home/nvme03/hhfeng/BRepPreDiff/runs/inductive9_rotate_mix_geometry_only_pre100_ft200_seed42_20260910/pretrain/20260910-214307_pretrain_inductive9_rotate_mix_geometry_only_pre100_ft200_seed42_20260910/checkpoints/last.pt
BRepPreDiff,DiffLoss,A,65,1787,0.9898621091474072,0.9739430110438191,0.9898404923049977,0.9496744572773395,runs/inductive9_rotate_mix/finetune/20260909-045201_full_brepprediff_seg_diffloss_ft200_seed42_inductive9_rotate_mix_constant_pre100_ft200_seed42_20260908_final/test_metrics.json,af15ca5cf7dd6c6e58d4ced21675103ecba59040f8157b4ea599169901757304,runs/inductive9_rotate_mix/finetune/20260909-045201_full_brepprediff_seg_diffloss_ft200_seed42_inductive9_rotate_mix_constant_pre100_ft200_seed42_20260908_final/config.yaml,/home/nvme03/hhfeng/BRepPreDiff/runs/inductive9_rotate_mix/pretrain/20260908-213715_inductive9_rotate_mix_lr1p0em4_constant_e100_seed42_inductive9_rotate_mix_constant_pre100_ft200_seed42_20260908_final/checkpoints/last.pt
BRepPreDiff,DiffLoss,B,167,1787,0.9900951641095358,0.9742605174618059,0.9900687958160266,0.950258664766853,runs/inductive9_rotate_mix_discrete_off_pre100_ft200_seed42_20260910/results/brepprediff_seg_diffloss.json,6291e2d3ed00bec1ef3896e4d0284121544fce3a1fb6644bf1961c5bf5ab9517,runs/inductive9_rotate_mix_discrete_off_pre100_ft200_seed42_20260910/finetune/20260911-040328_brepprediff_seg_diffloss_inductive9_rotate_mix_discrete_off_pre100_ft200_seed42_20260910/config.yaml,/home/nvme03/hhfeng/BRepPreDiff/runs/inductive9_rotate_mix_discrete_off_pre100_ft200_seed42_20260910/pretrain/20260910-211803_pretrain_inductive9_rotate_mix_discrete_off_pre100_ft200_seed42_20260910/checkpoints/last.pt
BRepPreDiff,DiffLoss,C,147,1787,0.9895513691979025,0.9742539586219566,0.9895267192743543,0.9502667266800963,runs/inductive9_rotate_mix_geometry_only_pre100_ft200_seed42_20260910/results/brepprediff_seg_diffloss.json,e9b1ec2e9fb4fe50620aeb7301517d9c0c95813f1c0989d952438a8161c29662,runs/inductive9_rotate_mix_geometry_only_pre100_ft200_seed42_20260910/finetune/20260911-043422_brepprediff_seg_diffloss_inductive9_rotate_mix_geometry_only_pre100_ft200_seed42_20260910/config.yaml,/home/nvme03/hhfeng/BRepPreDiff/runs/inductive9_rotate_mix_geometry_only_pre100_ft200_seed42_20260910/pretrain/20260910-214307_pretrain_inductive9_rotate_mix_geometry_only_pre100_ft200_seed42_20260910/checkpoints/last.pt
Fusion360Seg,MLP,A,188,5366,0.9692746853509796,0.9222537411057643,0.9691243735065679,0.8663622093759417,runs/inductive9_rotate_mix/finetune/20260909-053603_full_fusion360seg_mlp_ft200_seed42_inductive9_rotate_mix_constant_pre100_ft200_seed42_20260908_final/test_metrics.json,0f77764c0330d236780d985e617939c65b480afeff307e186d68d8939f8c4083,runs/inductive9_rotate_mix/finetune/20260909-053603_full_fusion360seg_mlp_ft200_seed42_inductive9_rotate_mix_constant_pre100_ft200_seed42_20260908_final/config.yaml,/home/nvme03/hhfeng/BRepPreDiff/runs/inductive9_rotate_mix/pretrain/20260908-213715_inductive9_rotate_mix_lr1p0em4_constant_e100_seed42_inductive9_rotate_mix_constant_pre100_ft200_seed42_20260908_final/checkpoints/last.pt
Fusion360Seg,MLP,B,162,5366,0.9708446866485013,0.9208851595220056,0.970745851928492,0.8647860171142839,runs/inductive9_rotate_mix_discrete_off_pre100_ft200_seed42_20260910/results/fusion360seg_mlp.json,216a80dbbde3b557a4498a45ac6c91b9107de286eef41374549d13a5aa931138,runs/inductive9_rotate_mix_discrete_off_pre100_ft200_seed42_20260910/finetune/20260911-040311_fusion360seg_mlp_inductive9_rotate_mix_discrete_off_pre100_ft200_seed42_20260910/config.yaml,/home/nvme03/hhfeng/BRepPreDiff/runs/inductive9_rotate_mix_discrete_off_pre100_ft200_seed42_20260910/pretrain/20260910-211803_pretrain_inductive9_rotate_mix_discrete_off_pre100_ft200_seed42_20260910/checkpoints/last.pt
Fusion360Seg,MLP,C,192,5366,0.9673673284027507,0.9180035440377874,0.9672074851675938,0.8591247144984575,runs/inductive9_rotate_mix_geometry_only_pre100_ft200_seed42_20260910/results/fusion360seg_mlp.json,c5f431475055eb768cdb6782ef6af68b9320ce419589c35fc00b77628658380b,runs/inductive9_rotate_mix_geometry_only_pre100_ft200_seed42_20260910/finetune/20260911-043045_fusion360seg_mlp_inductive9_rotate_mix_geometry_only_pre100_ft200_seed42_20260910/config.yaml,/home/nvme03/hhfeng/BRepPreDiff/runs/inductive9_rotate_mix_geometry_only_pre100_ft200_seed42_20260910/pretrain/20260910-214307_pretrain_inductive9_rotate_mix_geometry_only_pre100_ft200_seed42_20260910/checkpoints/last.pt
Fusion360Seg,DiffLoss,A,190,5366,0.9701829505644219,0.9095230357871833,0.9701020353411163,0.8524726720024346,runs/inductive9_rotate_mix/finetune/20260909-053603_full_fusion360seg_diffloss_ft200_seed42_inductive9_rotate_mix_constant_pre100_ft200_seed42_20260908_final/test_metrics.json,348976830a5386f7898df5ff6b8e2c8eb55383ef7ac77c7bc441c351ee52384f,runs/inductive9_rotate_mix/finetune/20260909-053603_full_fusion360seg_diffloss_ft200_seed42_inductive9_rotate_mix_constant_pre100_ft200_seed42_20260908_final/config.yaml,/home/nvme03/hhfeng/BRepPreDiff/runs/inductive9_rotate_mix/pretrain/20260908-213715_inductive9_rotate_mix_lr1p0em4_constant_e100_seed42_inductive9_rotate_mix_constant_pre100_ft200_seed42_20260908_final/checkpoints/last.pt
Fusion360Seg,DiffLoss,B,199,5366,0.9693784870896588,0.9112945612753225,0.969164343269954,0.8530729551904654,runs/inductive9_rotate_mix_discrete_off_pre100_ft200_seed42_20260910/results/fusion360seg_diffloss.json,920973c8340d1c471f34155e6939e072996a41ef8557412d5366de00721e9c76,runs/inductive9_rotate_mix_discrete_off_pre100_ft200_seed42_20260910/finetune/20260911-040311_fusion360seg_diffloss_inductive9_rotate_mix_discrete_off_pre100_ft200_seed42_20260910/config.yaml,/home/nvme03/hhfeng/BRepPreDiff/runs/inductive9_rotate_mix_discrete_off_pre100_ft200_seed42_20260910/pretrain/20260910-211803_pretrain_inductive9_rotate_mix_discrete_off_pre100_ft200_seed42_20260910/checkpoints/last.pt
Fusion360Seg,DiffLoss,C,182,5366,0.9661087323212664,0.9050047950737009,0.965891670166161,0.8431260834097847,runs/inductive9_rotate_mix_geometry_only_pre100_ft200_seed42_20260910/results/fusion360seg_diffloss.json,1ae2740ecc9a0c795d086d50f6097f0835b83869a88204eb1456781fab6db7dc,runs/inductive9_rotate_mix_geometry_only_pre100_ft200_seed42_20260910/finetune/20260911-043520_fusion360seg_diffloss_inductive9_rotate_mix_geometry_only_pre100_ft200_seed42_20260910/config.yaml,/home/nvme03/hhfeng/BRepPreDiff/runs/inductive9_rotate_mix_geometry_only_pre100_ft200_seed42_20260910/pretrain/20260910-214307_pretrain_inductive9_rotate_mix_geometry_only_pre100_ft200_seed42_20260910/checkpoints/last.pt
MFCAD++,MLP,A,199,8949,0.9961595943222966,0.9942706549666614,0.9961581445162183,0.9886669847114632,runs/inductive9_rotate_mix/finetune/20260909-061558_full_mfcadpp_seg_mlp_ft200_seed42_inductive9_rotate_mix_constant_pre100_ft200_seed42_20260908_final/test_metrics.json,53891a607771502c33eac343c666e8ea5da24b89cf317a45d16c0b49fb4a59ae,runs/inductive9_rotate_mix/finetune/20260909-061558_full_mfcadpp_seg_mlp_ft200_seed42_inductive9_rotate_mix_constant_pre100_ft200_seed42_20260908_final/config.yaml,/home/nvme03/hhfeng/BRepPreDiff/runs/inductive9_rotate_mix/pretrain/20260908-213715_inductive9_rotate_mix_lr1p0em4_constant_e100_seed42_inductive9_rotate_mix_constant_pre100_ft200_seed42_20260908_final/checkpoints/last.pt
MFCAD++,MLP,B,198,8949,0.9961186993925244,0.9943201893615605,0.9961171670668066,0.9887676222469655,runs/inductive9_rotate_mix_discrete_off_pre100_ft200_seed42_20260910/results/mfcadpp_seg_mlp.json,70669949a6a833c7f93eeacc820695bbbd7950d65242f98fe296df557da8ff88,runs/inductive9_rotate_mix_discrete_off_pre100_ft200_seed42_20260910/finetune/20260911-045621_mfcadpp_seg_mlp_inductive9_rotate_mix_discrete_off_pre100_ft200_seed42_20260910/config.yaml,/home/nvme03/hhfeng/BRepPreDiff/runs/inductive9_rotate_mix_discrete_off_pre100_ft200_seed42_20260910/pretrain/20260910-211803_pretrain_inductive9_rotate_mix_discrete_off_pre100_ft200_seed42_20260910/checkpoints/last.pt
MFCAD++,MLP,C,192,8949,0.9959439665107702,0.9940652421258506,0.9959413834738647,0.9882711011343145,runs/inductive9_rotate_mix_geometry_only_pre100_ft200_seed42_20260910/results/mfcadpp_seg_mlp.json,24895b1fc14d55b918e24d698e84eaa36486a7243a355d3be7f7140809b6f48e,runs/inductive9_rotate_mix_geometry_only_pre100_ft200_seed42_20260910/finetune/20260911-054708_mfcadpp_seg_mlp_inductive9_rotate_mix_geometry_only_pre100_ft200_seed42_20260910/config.yaml,/home/nvme03/hhfeng/BRepPreDiff/runs/inductive9_rotate_mix_geometry_only_pre100_ft200_seed42_20260910/pretrain/20260910-214307_pretrain_inductive9_rotate_mix_geometry_only_pre100_ft200_seed42_20260910/checkpoints/last.pt
MFCAD++,DiffLoss,A,175,8949,0.9959625551152121,0.9938424667699999,0.9959635666224362,0.9878304186019606,runs/inductive9_rotate_mix/finetune/20260909-061558_full_mfcadpp_seg_diffloss_ft200_seed42_inductive9_rotate_mix_constant_pre100_ft200_seed42_20260908_final/test_metrics.json,a577756631741be6542272ca4811d6999cd297446c5e84ea0b87e84a7824b393,runs/inductive9_rotate_mix/finetune/20260909-061558_full_mfcadpp_seg_diffloss_ft200_seed42_inductive9_rotate_mix_constant_pre100_ft200_seed42_20260908_final/config.yaml,/home/nvme03/hhfeng/BRepPreDiff/runs/inductive9_rotate_mix/pretrain/20260908-213715_inductive9_rotate_mix_lr1p0em4_constant_e100_seed42_inductive9_rotate_mix_constant_pre100_ft200_seed42_20260908_final/checkpoints/last.pt
MFCAD++,DiffLoss,B,199,8949,0.9959625551152121,0.9939365327637715,0.9959612961435881,0.9880133357203777,runs/inductive9_rotate_mix_discrete_off_pre100_ft200_seed42_20260910/results/mfcadpp_seg_diffloss.json,3e56b6574883133d254b4bf645b5ccf795be7d2cb2dbea8932e7eff127422f28,runs/inductive9_rotate_mix_discrete_off_pre100_ft200_seed42_20260910/finetune/20260911-045726_mfcadpp_seg_diffloss_inductive9_rotate_mix_discrete_off_pre100_ft200_seed42_20260910/config.yaml,/home/nvme03/hhfeng/BRepPreDiff/runs/inductive9_rotate_mix_discrete_off_pre100_ft200_seed42_20260910/pretrain/20260910-211803_pretrain_inductive9_rotate_mix_discrete_off_pre100_ft200_seed42_20260910/checkpoints/last.pt
MFCAD++,DiffLoss,C,187,8949,0.9961595943222966,0.9942064014950421,0.9961595609108463,0.988539781337815,runs/inductive9_rotate_mix_geometry_only_pre100_ft200_seed42_20260910/results/mfcadpp_seg_diffloss.json,e2e9ab8cf0abda687f843a2aa1b4945a43338430ae9dfd016c247efab48491b0,runs/inductive9_rotate_mix_geometry_only_pre100_ft200_seed42_20260910/finetune/20260911-055643_mfcadpp_seg_diffloss_inductive9_rotate_mix_geometry_only_pre100_ft200_seed42_20260910/config.yaml,/home/nvme03/hhfeng/BRepPreDiff/runs/inductive9_rotate_mix_geometry_only_pre100_ft200_seed42_20260910/pretrain/20260910-214307_pretrain_inductive9_rotate_mix_geometry_only_pre100_ft200_seed42_20260910/checkpoints/last.pt
TMCAD,MLP,A,50,1087,0.8638454461821528,0.8588498206504115,0.8627382643940835,0.7593965229559563,runs/inductive9_rotate_mix/finetune/20260909-073527_full_tmcad_cls_mlp_ft200_seed42_inductive9_rotate_mix_constant_pre100_ft200_seed42_20260908_final/test_metrics.json,d28bf066e221d01e8e08d4dfca109160ca6d10b9743f12423e62ed15f13ce99e,runs/inductive9_rotate_mix/finetune/20260909-073527_full_tmcad_cls_mlp_ft200_seed42_inductive9_rotate_mix_constant_pre100_ft200_seed42_20260908_final/config.yaml,/home/nvme03/hhfeng/BRepPreDiff/runs/inductive9_rotate_mix/pretrain/20260908-213715_inductive9_rotate_mix_lr1p0em4_constant_e100_seed42_inductive9_rotate_mix_constant_pre100_ft200_seed42_20260908_final/checkpoints/last.pt
TMCAD,MLP,B,153,1087,0.8491260349586016,0.8433893264993504,0.8471783831726353,0.7362986721650561,runs/inductive9_rotate_mix_discrete_off_pre100_ft200_seed42_20260910/results/tmcad_cls_mlp.json,19da6531cc9753503a84a44f51c20e2d7c15c356e5d3175798304458ca48a6c7,runs/inductive9_rotate_mix_discrete_off_pre100_ft200_seed42_20260910/finetune/20260911-050453_tmcad_cls_mlp_inductive9_rotate_mix_discrete_off_pre100_ft200_seed42_20260910/config.yaml,/home/nvme03/hhfeng/BRepPreDiff/runs/inductive9_rotate_mix_discrete_off_pre100_ft200_seed42_20260910/pretrain/20260910-211803_pretrain_inductive9_rotate_mix_discrete_off_pre100_ft200_seed42_20260910/checkpoints/last.pt
TMCAD,MLP,C,81,1087,0.8528058877644894,0.8491530465221186,0.8520267355419053,0.7446918348175543,runs/inductive9_rotate_mix_geometry_only_pre100_ft200_seed42_20260910/results/tmcad_cls_mlp.json,1163cf1afba5e30f5b9892d119381c9dddf4b60de7808369d1c7cd9f256223c4,runs/inductive9_rotate_mix_geometry_only_pre100_ft200_seed42_20260910/finetune/20260911-054641_tmcad_cls_mlp_inductive9_rotate_mix_geometry_only_pre100_ft200_seed42_20260910/config.yaml,/home/nvme03/hhfeng/BRepPreDiff/runs/inductive9_rotate_mix_geometry_only_pre100_ft200_seed42_20260910/pretrain/20260910-214307_pretrain_inductive9_rotate_mix_geometry_only_pre100_ft200_seed42_20260910/checkpoints/last.pt
TMCAD,DiffLoss,A,110,1087,0.8656853725850966,0.8622644087645174,0.865812383686161,0.7641828502144429,runs/inductive9_rotate_mix/finetune/20260909-073527_full_tmcad_cls_diffloss_ft200_seed42_inductive9_rotate_mix_constant_pre100_ft200_seed42_20260908_final/test_metrics.json,6b1099717090013ef4cfcb702c11b7ffe509d0f316bb6af0d416607fdd88e609,runs/inductive9_rotate_mix/finetune/20260909-073527_full_tmcad_cls_diffloss_ft200_seed42_inductive9_rotate_mix_constant_pre100_ft200_seed42_20260908_final/config.yaml,/home/nvme03/hhfeng/BRepPreDiff/runs/inductive9_rotate_mix/pretrain/20260908-213715_inductive9_rotate_mix_lr1p0em4_constant_e100_seed42_inductive9_rotate_mix_constant_pre100_ft200_seed42_20260908_final/checkpoints/last.pt
TMCAD,DiffLoss,B,168,1087,0.8675252989880404,0.8642385045393521,0.86675315387152,0.7665506534046472,runs/inductive9_rotate_mix_discrete_off_pre100_ft200_seed42_20260910/results/tmcad_cls_diffloss.json,490f14d90466a404e81687bf22b298803ea64c81b81beb354dfb361d0399a260,runs/inductive9_rotate_mix_discrete_off_pre100_ft200_seed42_20260910/finetune/20260911-050642_tmcad_cls_diffloss_inductive9_rotate_mix_discrete_off_pre100_ft200_seed42_20260910/config.yaml,/home/nvme03/hhfeng/BRepPreDiff/runs/inductive9_rotate_mix_discrete_off_pre100_ft200_seed42_20260910/pretrain/20260910-211803_pretrain_inductive9_rotate_mix_discrete_off_pre100_ft200_seed42_20260910/checkpoints/last.pt
TMCAD,DiffLoss,C,155,1087,0.8666053357865685,0.8629135956980084,0.866076181018424,0.76533496858812,runs/inductive9_rotate_mix_geometry_only_pre100_ft200_seed42_20260910/results/tmcad_cls_diffloss.json,246f610c69cecb7ec66907dcb90c35ef57414ea24203a2799f758ed774920c0e,runs/inductive9_rotate_mix_geometry_only_pre100_ft200_seed42_20260910/finetune/20260911-054945_tmcad_cls_diffloss_inductive9_rotate_mix_geometry_only_pre100_ft200_seed42_20260910/config.yaml,/home/nvme03/hhfeng/BRepPreDiff/runs/inductive9_rotate_mix_geometry_only_pre100_ft200_seed42_20260910/pretrain/20260910-214307_pretrain_inductive9_rotate_mix_geometry_only_pre100_ft200_seed42_20260910/checkpoints/last.pt
SolidLetters,MLP,A,165,19392,0.9746287128712872,0.9751480247054324,0.9744661798448608,0.9538652662536828,runs/inductive9_rotate_mix/finetune/20260909-083543_full_solidletters_cls_mlp_ft200_seed42_inductive9_rotate_mix_constant_pre100_ft200_seed42_20260908_final/test_metrics.json,f859c23690b299b3eb2000ac08a07ddf78fdd2c9b40765a9f7b6d746080e5ad6,runs/inductive9_rotate_mix/finetune/20260909-083543_full_solidletters_cls_mlp_ft200_seed42_inductive9_rotate_mix_constant_pre100_ft200_seed42_20260908_final/config.yaml,/home/nvme03/hhfeng/BRepPreDiff/runs/inductive9_rotate_mix/pretrain/20260908-213715_inductive9_rotate_mix_lr1p0em4_constant_e100_seed42_inductive9_rotate_mix_constant_pre100_ft200_seed42_20260908_final/checkpoints/last.pt
SolidLetters,MLP,B,179,19392,0.9724628712871287,0.9731936451311758,0.9724709459206063,0.9501670285449298,runs/inductive9_rotate_mix_discrete_off_pre100_ft200_seed42_20260910/results/solidletters_cls_mlp.json,8910b48b8c847108e2debc73c51fc43ad87c29fe53cde598e717384375ffb821,runs/inductive9_rotate_mix_discrete_off_pre100_ft200_seed42_20260910/finetune/20260911-062753_solidletters_cls_mlp_inductive9_rotate_mix_discrete_off_pre100_ft200_seed42_20260910/config.yaml,/home/nvme03/hhfeng/BRepPreDiff/runs/inductive9_rotate_mix_discrete_off_pre100_ft200_seed42_20260910/pretrain/20260910-211803_pretrain_inductive9_rotate_mix_discrete_off_pre100_ft200_seed42_20260910/checkpoints/last.pt
SolidLetters,MLP,C,120,19392,0.9742161716171617,0.9747372811489345,0.9739980710058209,0.9531473168199074,runs/inductive9_rotate_mix_geometry_only_pre100_ft200_seed42_20260910/results/solidletters_cls_mlp.json,9d8e5613e25e25ad8cebad4e275e41501bf8f39560c69437280ac0cd5c7c1798,runs/inductive9_rotate_mix_geometry_only_pre100_ft200_seed42_20260910/finetune/20260911-075139_solidletters_cls_mlp_inductive9_rotate_mix_geometry_only_pre100_ft200_seed42_20260910/config.yaml,/home/nvme03/hhfeng/BRepPreDiff/runs/inductive9_rotate_mix_geometry_only_pre100_ft200_seed42_20260910/pretrain/20260910-214307_pretrain_inductive9_rotate_mix_geometry_only_pre100_ft200_seed42_20260910/checkpoints/last.pt
SolidLetters,DiffLoss,A,142,19392,0.9718956270627063,0.9726534730168379,0.9718643342815054,0.9494679513973096,runs/inductive9_rotate_mix/finetune/20260909-083544_full_solidletters_cls_diffloss_ft200_seed42_inductive9_rotate_mix_constant_pre100_ft200_seed42_20260908_final/test_metrics.json,b1f1caa0d0fbe33565e5a3416bba591bba478498feec246e1623f29374a2e40a,runs/inductive9_rotate_mix/finetune/20260909-083544_full_solidletters_cls_diffloss_ft200_seed42_inductive9_rotate_mix_constant_pre100_ft200_seed42_20260908_final/config.yaml,/home/nvme03/hhfeng/BRepPreDiff/runs/inductive9_rotate_mix/pretrain/20260908-213715_inductive9_rotate_mix_lr1p0em4_constant_e100_seed42_inductive9_rotate_mix_constant_pre100_ft200_seed42_20260908_final/checkpoints/last.pt
SolidLetters,DiffLoss,B,165,19392,0.9735457920792079,0.9741626731838645,0.9734408145266534,0.9520652683234745,runs/inductive9_rotate_mix_discrete_off_pre100_ft200_seed42_20260910/results/solidletters_cls_diffloss.json,cfb8d5ff99f6ed31b5ad86afc1f29205c1c79950f123d2585b85e5a6a0dd2960,runs/inductive9_rotate_mix_discrete_off_pre100_ft200_seed42_20260910/finetune/20260911-063602_solidletters_cls_diffloss_inductive9_rotate_mix_discrete_off_pre100_ft200_seed42_20260910/config.yaml,/home/nvme03/hhfeng/BRepPreDiff/runs/inductive9_rotate_mix_discrete_off_pre100_ft200_seed42_20260910/pretrain/20260910-211803_pretrain_inductive9_rotate_mix_discrete_off_pre100_ft200_seed42_20260910/checkpoints/last.pt
SolidLetters,DiffLoss,C,185,19392,0.972101897689769,0.9730061966039922,0.9721129644554036,0.9505976642680143,runs/inductive9_rotate_mix_geometry_only_pre100_ft200_seed42_20260910/results/solidletters_cls_diffloss.json,8a5a2d68ace0dadabfb3658d4d2c9bf2c8453c1a6de267cfd114b5c56f04298c,runs/inductive9_rotate_mix_geometry_only_pre100_ft200_seed42_20260910/finetune/20260911-073512_solidletters_cls_diffloss_inductive9_rotate_mix_geometry_only_pre100_ft200_seed42_20260910/config.yaml,/home/nvme03/hhfeng/BRepPreDiff/runs/inductive9_rotate_mix_geometry_only_pre100_ft200_seed42_20260910/pretrain/20260910-214307_pretrain_inductive9_rotate_mix_geometry_only_pre100_ft200_seed42_20260910/checkpoints/last.pt
CADSynth,MLP,A,99,9993,0.996488417499267,0.9948195002764276,0.9964852148856767,0.9897096523387977,runs/inductive9_rotate_mix/finetune/20260909-104933_full_cadsynth_seg_mlp_ft200_seed42_inductive9_rotate_mix_constant_pre100_ft200_seed42_20260908_final/test_metrics.json,7ca2ef087dc9dae87778aa385574349a69a2b79fa143129af6ed5f9195d2e70f,runs/inductive9_rotate_mix/finetune/20260909-104933_full_cadsynth_seg_mlp_ft200_seed42_inductive9_rotate_mix_constant_pre100_ft200_seed42_20260908_final/config.yaml,/home/nvme03/hhfeng/BRepPreDiff/runs/inductive9_rotate_mix/pretrain/20260908-213715_inductive9_rotate_mix_lr1p0em4_constant_e100_seed42_inductive9_rotate_mix_constant_pre100_ft200_seed42_20260908_final/checkpoints/last.pt
CADSynth,MLP,B,123,9993,0.9965885440878826,0.9950724200741691,0.9965855596632164,0.9902059888738682,runs/inductive9_rotate_mix_discrete_off_pre100_ft200_seed42_20260910/results/cadsynth_seg_mlp.json,e2b5c56f1b8864d8023bfb74612abbab9442e3b44006f6efe42bd4000f9b54a3,runs/inductive9_rotate_mix_discrete_off_pre100_ft200_seed42_20260910/finetune/20260911-063205_cadsynth_seg_mlp_inductive9_rotate_mix_discrete_off_pre100_ft200_seed42_20260910/config.yaml,/home/nvme03/hhfeng/BRepPreDiff/runs/inductive9_rotate_mix_discrete_off_pre100_ft200_seed42_20260910/pretrain/20260910-211803_pretrain_inductive9_rotate_mix_discrete_off_pre100_ft200_seed42_20260910/checkpoints/last.pt
CADSynth,MLP,C,106,9993,0.9965313288943879,0.9949416367764706,0.9965279282379523,0.9899506243888234,runs/inductive9_rotate_mix_geometry_only_pre100_ft200_seed42_20260910/results/cadsynth_seg_mlp.json,1b164c1e4880b877fedd8ec1e45d84296f47607f6b03ac88dd5787428e07b486,runs/inductive9_rotate_mix_geometry_only_pre100_ft200_seed42_20260910/finetune/20260911-081033_cadsynth_seg_mlp_inductive9_rotate_mix_geometry_only_pre100_ft200_seed42_20260910/config.yaml,/home/nvme03/hhfeng/BRepPreDiff/runs/inductive9_rotate_mix_geometry_only_pre100_ft200_seed42_20260910/pretrain/20260910-214307_pretrain_inductive9_rotate_mix_geometry_only_pre100_ft200_seed42_20260910/checkpoints/last.pt
CADSynth,DiffLoss,A,157,9993,0.9966171516846298,0.9950285499596551,0.9966142039573289,0.9901199335757441,runs/inductive9_rotate_mix/finetune/20260909-104933_full_cadsynth_seg_diffloss_ft200_seed42_inductive9_rotate_mix_constant_pre100_ft200_seed42_20260908_final/test_metrics.json,2a16f4a3aaa48f20b3e10b553abf41deda624b2d99ffead4554a3447cd6ae595,runs/inductive9_rotate_mix/finetune/20260909-104933_full_cadsynth_seg_diffloss_ft200_seed42_inductive9_rotate_mix_constant_pre100_ft200_seed42_20260908_final/config.yaml,/home/nvme03/hhfeng/BRepPreDiff/runs/inductive9_rotate_mix/pretrain/20260908-213715_inductive9_rotate_mix_lr1p0em4_constant_e100_seed42_inductive9_rotate_mix_constant_pre100_ft200_seed42_20260908_final/checkpoints/last.pt
CADSynth,DiffLoss,B,125,9993,0.9965885440878826,0.9950176207970967,0.9965853250016302,0.9900980492807736,runs/inductive9_rotate_mix_discrete_off_pre100_ft200_seed42_20260910/results/cadsynth_seg_diffloss.json,cc4563e64288bd55e237b135a943260c3339ce12b2af68991525ff653adf8222,runs/inductive9_rotate_mix_discrete_off_pre100_ft200_seed42_20260910/finetune/20260911-065528_cadsynth_seg_diffloss_inductive9_rotate_mix_discrete_off_pre100_ft200_seed42_20260910/config.yaml,/home/nvme03/hhfeng/BRepPreDiff/runs/inductive9_rotate_mix_discrete_off_pre100_ft200_seed42_20260910/pretrain/20260910-211803_pretrain_inductive9_rotate_mix_discrete_off_pre100_ft200_seed42_20260910/checkpoints/last.pt
CADSynth,DiffLoss,C,122,9993,0.996402594709025,0.9945723696558642,0.9963989698603345,0.9892213013243766,runs/inductive9_rotate_mix_geometry_only_pre100_ft200_seed42_20260910/results/cadsynth_seg_diffloss.json,d5d9f9c22b228fac4f218c91cdbb10b1d807f9d4f32d27c85e9c361d789b01be,runs/inductive9_rotate_mix_geometry_only_pre100_ft200_seed42_20260910/finetune/20260911-080817_cadsynth_seg_diffloss_inductive9_rotate_mix_geometry_only_pre100_ft200_seed42_20260910/config.yaml,/home/nvme03/hhfeng/BRepPreDiff/runs/inductive9_rotate_mix_geometry_only_pre100_ft200_seed42_20260910/pretrain/20260910-214307_pretrain_inductive9_rotate_mix_geometry_only_pre100_ft200_seed42_20260910/checkpoints/last.pt
MFInstSeg,MLP,A,196,6250,0.9944684295736643,0.9913257444291197,0.9944639065510633,0.9829149352673706,runs/inductive9_rotate_mix/finetune/20260909-112027_full_mfinstseg_seg_mlp_ft200_seed42_inductive9_rotate_mix_constant_pre100_ft200_seed42_20260908_final/test_metrics.json,1319a4f8646fc6be73412e6a7b2a956f2ef74463cb5775b255ad0e0507a5d0e0,runs/inductive9_rotate_mix/finetune/20260909-112027_full_mfinstseg_seg_mlp_ft200_seed42_inductive9_rotate_mix_constant_pre100_ft200_seed42_20260908_final/config.yaml,/home/nvme03/hhfeng/BRepPreDiff/runs/inductive9_rotate_mix/pretrain/20260908-213715_inductive9_rotate_mix_lr1p0em4_constant_e100_seed42_inductive9_rotate_mix_constant_pre100_ft200_seed42_20260908_final/checkpoints/last.pt
MFInstSeg,MLP,B,200,6250,0.9947206644923625,0.9917733242496568,0.9947172066453508,0.98379313942114,runs/inductive9_rotate_mix_discrete_off_pre100_ft200_seed42_20260910/results/mfinstseg_seg_mlp.json,fbd3310d0b6a8f7d7660ac2f1ab75c5badca2cb27099f3d1f0dbb3830c6ecdfe,runs/inductive9_rotate_mix_discrete_off_pre100_ft200_seed42_20260910/finetune/20260911-090840_mfinstseg_seg_mlp_inductive9_rotate_mix_discrete_off_pre100_ft200_seed42_20260910/config.yaml,/home/nvme03/hhfeng/BRepPreDiff/runs/inductive9_rotate_mix_discrete_off_pre100_ft200_seed42_20260910/pretrain/20260910-211803_pretrain_inductive9_rotate_mix_discrete_off_pre100_ft200_seed42_20260910/checkpoints/last.pt
MFInstSeg,MLP,C,194,6250,0.9949611675543771,0.9925950257939484,0.9949606229100861,0.9854002976494989,runs/inductive9_rotate_mix_geometry_only_pre100_ft200_seed42_20260910/results/mfinstseg_seg_mlp.json,54d90ca28cfc25e9c1ac656d596889865abbf3aeddf3248ab644e3c4142ef438,runs/inductive9_rotate_mix_geometry_only_pre100_ft200_seed42_20260910/finetune/20260911-095005_mfinstseg_seg_mlp_inductive9_rotate_mix_geometry_only_pre100_ft200_seed42_20260910/config.yaml,/home/nvme03/hhfeng/BRepPreDiff/runs/inductive9_rotate_mix_geometry_only_pre100_ft200_seed42_20260910/pretrain/20260910-214307_pretrain_inductive9_rotate_mix_geometry_only_pre100_ft200_seed42_20260910/checkpoints/last.pt
MFInstSeg,DiffLoss,A,178,6250,0.9946326755672352,0.9914624862557407,0.9946301381725009,0.9831907309313589,runs/inductive9_rotate_mix/finetune/20260909-112027_full_mfinstseg_seg_diffloss_ft200_seed42_inductive9_rotate_mix_constant_pre100_ft200_seed42_20260908_final/test_metrics.json,a56b5a4543d90ab9a3f15a2d546a864ad2aafe7f08808d3c18c453df9814b6a2,runs/inductive9_rotate_mix/finetune/20260909-112027_full_mfinstseg_seg_diffloss_ft200_seed42_inductive9_rotate_mix_constant_pre100_ft200_seed42_20260908_final/config.yaml,/home/nvme03/hhfeng/BRepPreDiff/runs/inductive9_rotate_mix/pretrain/20260908-213715_inductive9_rotate_mix_lr1p0em4_constant_e100_seed42_inductive9_rotate_mix_constant_pre100_ft200_seed42_20260908_final/checkpoints/last.pt
MFInstSeg,DiffLoss,B,172,6250,0.9945446866421079,0.9912723160574793,0.994545907186456,0.9828230773976879,runs/inductive9_rotate_mix_discrete_off_pre100_ft200_seed42_20260910/results/mfinstseg_seg_diffloss.json,ea65064995cc7ef881e98e5bb155053c9a6b97e1be9b68477c07d0ec037dc03a,runs/inductive9_rotate_mix_discrete_off_pre100_ft200_seed42_20260910/finetune/20260911-091343_mfinstseg_seg_diffloss_inductive9_rotate_mix_discrete_off_pre100_ft200_seed42_20260910/config.yaml,/home/nvme03/hhfeng/BRepPreDiff/runs/inductive9_rotate_mix_discrete_off_pre100_ft200_seed42_20260910/pretrain/20260910-211803_pretrain_inductive9_rotate_mix_discrete_off_pre100_ft200_seed42_20260910/checkpoints/last.pt
MFInstSeg,DiffLoss,C,176,6250,0.994574016283817,0.9918299730899099,0.9945716713463887,0.9839073795073457,runs/inductive9_rotate_mix_geometry_only_pre100_ft200_seed42_20260910/results/mfinstseg_seg_diffloss.json,f523bdf1b2120768d91fd849cc9e4524864d2ab48023a99699754f5eda59528a,runs/inductive9_rotate_mix_geometry_only_pre100_ft200_seed42_20260910/finetune/20260911-091321_mfinstseg_seg_diffloss_inductive9_rotate_mix_geometry_only_pre100_ft200_seed42_20260910/config.yaml,/home/nvme03/hhfeng/BRepPreDiff/runs/inductive9_rotate_mix_geometry_only_pre100_ft200_seed42_20260910/pretrain/20260910-214307_pretrain_inductive9_rotate_mix_geometry_only_pre100_ft200_seed42_20260910/checkpoints/last.pt
